Candidate_ID,SMILES,Binding_Affinity_kcal_mol,DiffDock_Confidence,QED,MW,LogP,TPSA,HBD,HBA,RotBonds,SAScore,PAINS_Alerts,ADMET_Verdict,Is_Pareto_Optimal,Round
NIM-LEAD-01-01,CCCS(=O)(=O)NC1=C(F)C(=C(C=C1)C(=O)C2=CNC3=C2C=C(C=N3)C4=CC=C(Cl)C=C4)F,-9.7,0.98,0.333,489.93,5.54,91.92,2,4,7,6.67,,FLAGGED,False,1
NIM-LEAD-01-02,CCS(=O)(=O)NC1=C(F)C(=C(C=C1)C(=O)C2=CNC3=C2C=C(C=N3)C4=CC=C(Cl)C=C4)F,-9.77,0.98,0.377,475.9,5.15,91.92,2,4,6,6.64,,PASS,True,1
NIM-LEAD-01-03,CC(C)S(=O)(=O)NC1=C(F)C(=C(C=C1)C(=O)C2=CNC3=C2C=C(C=N3)C4=CC=C(Cl)C=C4)F,-9.72,0.98,0.348,489.93,5.54,91.92,2,4,6,6.67,,FLAGGED,False,1
NIM-LEAD-01-04,CCCS(=O)(=O)NC1=C(F)C(=C(C=C1)C(=O)C2=CNC3=C2C=C(C=N3)C4=CC=C(F)C=C4)F,-9.75,0.98,0.368,473.48,5.03,91.92,2,4,7,6.56,,PASS,True,1
NIM-LEAD-01-05,CCCS(=O)(=O)NC1=C(F)C(=C(C=C1)C(=O)C2=CNC3=C2C=C(C=N3)C4=CC=C(C#N)C=C4)F,-9.86,0.98,0.37,480.5,4.76,115.71,2,5,7,6.62,,FLAGGED,True,1
NIM-LEAD-01-06,CCCS(=O)(=O)NC1=CC(=C(C=C1)C(=O)C2=CNC3=C2C=C(C=N3)C4=CC=C(Cl)C=C4)F,-9.73,0.98,0.353,471.94,5.41,91.92,2,4,7,6.55,,PASS,True,1
NIM-LEAD-01-07,CCCS(=O)(=O)N(C)C1=C(F)C(=C(C=C1)C(=O)C2=CNC3=C2C=C(C=N3)C4=CC=C(Cl)C=C4)F,-9.55,0.98,0.334,503.96,5.57,83.13,1,4,7,6.71,,FLAGGED,False,1
NIM-LEAD-01-08,CCCS(=O)(=O)NC1=C(F)C(=C(C=C1)C(=O)C2=CNC3=C2C(F)=C(C=N3)C4=CC=C(Cl)C=C4)F,-9.67,0.98,0.315,507.92,5.68,91.92,2,4,7,6.79,,FLAGGED,False,1
NIM-LEAD-01-09,C1CC1S(=O)(=O)NC2=C(F)C(=C(C=C2)C(=O)C3=CNC4=C3C=C(C=N4)C5=CC=C(Cl)C=C5)F,-9.74,0.98,0.361,487.92,5.3,91.92,2,4,6,7.06,,FLAGGED,False,1
NIM-LEAD-01-10,CCCS(=O)(=O)NC1=C(F)C(=C(C=C1)C(=O)C2=CNC3=C2C=C(C=N3)C4=CC=C(C(F)(F)F)C=C4)F,-9.55,0.98,0.233,523.48,5.91,91.92,2,4,7,6.84,,FLAGGED,False,1
NIM-LEAD-02-01,CCCS(=O)(=O)NC1=C(F)C(=C(C=C1)C(=O)C2=CNC3=C2C=C(C=N3)C4=CC=C(Cl)C=C4)F,-9.7,0.98,0.333,489.93,5.54,91.92,2,4,7,6.67,,FLAGGED,False,2
NIM-LEAD-02-02,CCS(=O)(=O)NC1=C(F)C(=C(C=C1)C(=O)C2=CNC3=C2C=C(C=N3)C4=CC=C(Cl)C=C4)F,-9.77,0.98,0.377,475.9,5.15,91.92,2,4,6,6.64,,PASS,True,2
NIM-LEAD-02-03,CC(C)S(=O)(=O)NC1=C(F)C(=C(C=C1)C(=O)C2=CNC3=C2C=C(C=N3)C4=CC=C(Cl)C=C4)F,-9.72,0.98,0.348,489.93,5.54,91.92,2,4,6,6.67,,FLAGGED,False,2
NIM-LEAD-02-04,CCCS(=O)(=O)NC1=C(F)C(=C(C=C1)C(=O)C2=CNC3=C2C=C(C=N3)C4=CC=C(F)C=C4)F,-9.75,0.98,0.368,473.48,5.03,91.92,2,4,7,6.56,,PASS,True,2
NIM-LEAD-02-05,CCCS(=O)(=O)NC1=C(F)C(=C(C=C1)C(=O)C2=CNC3=C2C=C(C=N3)C4=CC=C(C#N)C=C4)F,-9.86,0.98,0.37,480.5,4.76,115.71,2,5,7,6.62,,FLAGGED,True,2
NIM-LEAD-02-06,CCCS(=O)(=O)NC1=CC(=C(C=C1)C(=O)C2=CNC3=C2C=C(C=N3)C4=CC=C(Cl)C=C4)F,-9.73,0.98,0.353,471.94,5.41,91.92,2,4,7,6.55,,PASS,True,2
